{
  "title": "Agamotto",
  "description": "Displays an interactive sequence of images",
  "majorVersion": 1,
  "minorVersion": 6,
  "patchVersion": 8,
  "runnable": 1,
  "embedTypes": [
    "iframe"
  ],
  "author": "Oliver Tacke",
  "license": "MIT",
  "machineName": "H5P.Agamotto",
  "coreApi": {
    "majorVersion": 1,
    "minorVersion": 19
  },
  "preloadedJs": [
    {
      "path": "dist/h5p-agamotto.js"
    }
  ],
  "preloadedCss": [
    {
      "path": "dist/h5p-agamotto.css"
    }
  ],
  "editorDependencies": [
    {
      "machineName": "H5PEditor.VerticalTabs",
      "majorVersion": 1,
      "minorVersion": 3
    },
    {
      "machineName": "H5PEditor.ColorSelector",
      "majorVersion": 1,
      "minorVersion": 3
    },
    {
      "machineName": "H5PEditor.AudioRecorder",
      "majorVersion": 1,
      "minorVersion": 0
    }
  ],
  "preloadedDependencies": [
    {
      "machineName": "H5P.Question",
      "majorVersion": 1,
      "minorVersion": 5
    }
  ]
}
