{
  "machineName": "H5P.Collage",
  "title": "Collage",
  "license": "MIT",
  "author": "Joubel",
  "majorVersion": 0,
  "minorVersion": 3,
  "patchVersion": 20,
  "runnable": 1,
  "coreApi": {
    "majorVersion": 1,
    "minorVersion": 7
  },
  "preloadedJs": [
    {
      "path": "collage.js"
    },
    {
      "path": "template.js"
    },
    {
      "path": "clip.js"
    }
  ],
  "preloadedCss": [
    {
      "path": "collage.css"
    }
  ],
  "editorDependencies": [
    {
      "machineName": "H5PEditor.Collage",
      "majorVersion": 0,
      "minorVersion": 3
    }
  ]
}