{"title":"Basic Lab Safety Introduction (2024) - Guest Students Onboarding","language":"und","mainLibrary":"H5P.InteractiveBook","embedTypes":["div"],"license":"U","defaultLanguage":"en","preloadedDependencies":[{"machineName":"H5P.Image","majorVersion":"1","minorVersion":"1"},{"machineName":"H5P.AdvancedText","majorVersion":"1","minorVersion":"1"},{"machineName":"H5P.Column","majorVersion":"1","minorVersion":"18"},{"machineName":"H5P.MultiChoice","majorVersion":"1","minorVersion":"16"},{"machineName":"FontAwesome","majorVersion":"4","minorVersion":"5"},{"machineName":"H5P.JoubelUI","majorVersion":"1","minorVersion":"3"},{"machineName":"H5P.Transition","majorVersion":"1","minorVersion":"0"},{"machineName":"H5P.FontIcons","majorVersion":"1","minorVersion":"0"},{"machineName":"H5P.Question","majorVersion":"1","minorVersion":"5"},{"machineName":"H5P.QuestionSet","majorVersion":"1","minorVersion":"20"},{"machineName":"H5P.Video","majorVersion":"1","minorVersion":"6"},{"machineName":"H5P.TrueFalse","majorVersion":"1","minorVersion":"8"},{"machineName":"H5P.Text","majorVersion":"1","minorVersion":"1"},{"machineName":"H5P.ImageHotspots","majorVersion":"1","minorVersion":"10"},{"machineName":"H5P.DragQuestion","majorVersion":"1","minorVersion":"14"},{"machineName":"jQuery.ui","majorVersion":"1","minorVersion":"10"},{"machineName":"H5P.Collage","majorVersion":"0","minorVersion":"3"},{"machineName":"H5P.Agamotto","majorVersion":"1","minorVersion":"6"},{"machineName":"H5P.InteractiveBook","majorVersion":"1","minorVersion":"11"}]}